0017		西尾市　H様邸	家族の絆深まる平屋の家	<p style="text-align:center"><span style="background-color:#A9A9A9">／恵曚魴てようと思ったきっかけは、どんな思いからですか？</span></p><p style="text-align:center">もともと土地を持っていたのと、子供が2人になったのでのびのびできる家が欲しいと思ったから。</p><p style="text-align:center">　</p><p style="text-align:center"><span style="background-color:#A9A9A9">安藤建築に決められた理由を教えてください。</span></p><p style="text-align:center">地元の工務店を探している時に、好みの家を建てているのをチラシやHPで見て話を聞いてみようと思いました。</p><p style="text-align:center">話を進めて行く段階で建築途中の家を見学して安心して建てられると感じました。</p><p style="text-align:center">　</p><p style="text-align:center"><span style="background-color:#A9A9A9">２箸鼎りの中でここだわったところは、どんなどんなところですか？</span></p><p style="text-align:center">平屋でコンパクトにまとめつつ、欲しい部屋やスペースを作ったところです。</p><p style="text-align:center">収納スペースもたくさん作れて、暮らしやすい家になったと思います。</p><p style="text-align:center">夫の趣味部屋もきちんと作れて喜んでいます。</p><p style="text-align:center">　</p><p style="text-align:center"><span style="background-color:#A9A9A9">ぐ惰７築で家を建てて、いかがでしたか？</span></p><p style="text-align:center">自分たちだけでは考えられないようなオシャレな家を建てることができてとても嬉しいです。</p><p style="text-align:center">建具や床の色、壁紙など好みを聞いてもらいながらアドバイスをしてもらえてよかったです。</p><p style="text-align:center">　</p><p style="text-align:center"><span style="background-color:#A9A9A9">イ海譴ら、この家でしていきたい暮らし方・やってみたいことなどありますか？</span></p><p style="text-align:center">アパートでは出来なかったBBQやプールを楽しみたいです。</p><p style="text-align:center">今まで家に人を呼ぶのは苦手でしたが新しい家では、家族や友人をたくさん呼びたいと思います。</p><p style="text-align:center">　</p><p style="text-align:center"><span style="background-color:#A9A9A9">κ声卉甘の柳生、工務担当の小笠原、その他社長を始め安藤建築スタッフ・職人さんとの思い出に</span></p><p style="text-align:center"><span style="background-color:#A9A9A9">残っている出来事や対応がありましたら、教えていただけますか？</span></p><p style="text-align:center">ちょっとしたことでもすぐ気になってしまうのですが、質問等に対する対応が早くて丁寧で助かりました。</p><p style="text-align:center">上の子のこともよく見てくださって、打ち合わせやショウルーム見学などの時とても助かりました。</p><p style="text-align:center">(打ち合わせの度に何回もジュースをおかわりしたのは申し訳なかったです…)</p><p style="text-align:center">&uarr;こちらこそ楽しい打ち合わせの時間をありがとうございました！(安藤建築スタッフより)</p><p style="text-align:center">子供と楽しく家づくりを進めることができて本当に良かったです。</p><p style="text-align:center">　</p><p style="text-align:center"><img  src="/theme/ababai/images/abs/interview/uploads//uploads/images/%E6%98%9F%E9%87%8E%E6%A7%98%E5%BC%95%E6%B8%A1%E3%81%97%20%282%29.JPG" style="height:188px; width:250px" /></p><p style="text-align:center">H様、ありがとうございました！</p><p style="text-align:center">H様邸の施工事例はこちら<a href="http://www.ando-kenchiku.jp/case/detail0043.html">http://www.ando-kenchiku.jp/case/detail0043.html</a></p>	0A5A9876.jpg	0	
0016		西尾市　Y様邸	木の温かみに包まれるジャパニーズモダンの家	<p style="text-align:center"><span style="background-color:#808080">／恵曚魴てようと建てようと思ったきっかけ</span></p><p style="text-align:center">子供が産まれ、広い家や庭で遊んだりしたいと思いました。</p><p style="text-align:center">家族みんなが楽しく過ごせるおうちを建てたいと思いました。</p><p style="text-align:center">　</p><p style="text-align:center"><span style="background-color:#808080">安藤建築にきめ決めたきっかけ</span></p><p style="text-align:center">安藤建築さんの建てる家が私たち夫婦の理想の家にぴったりだったからです。</p><p style="text-align:center">木をたくさん使った温かみのある家に私たちも住みたいと思いました。</p><p style="text-align:center">　</p><p style="text-align:center"><span style="background-color:#808080">２箸鼎りの中でここだわったところ</span></p><p style="text-align:center">主人&rarr;ガルバリウム外壁、外壁に木を使う、広いリビング、間接照明</p><p style="text-align:center">私&rarr;収納をたくさん作る、和室、広い玄関、キッチン、広い洗面所</p><p style="text-align:center">　</p><p style="text-align:center"><span style="background-color:#808080">ぐ惰７築で家を建ててみて、いかがでしたか？</span></p><p style="text-align:center">憧れだったマイホームがこんなにも素敵な家になるなんて、私たちにはもったいないくらいで今でも夢のようです。</p><p style="text-align:center">私たちの想像していた以上のとてもかっこいい家になり、本当に安藤建築さんにして良かったと思いました。</p><p style="text-align:center">　</p><p style="text-align:center"><span style="background-color:#808080">イ海譴ら、この家でしていきたい暮らし方・やってみたいことなどありますか？</span></p><p style="text-align:center">家族で楽しく、仲良く暮らしていきたいです。</p><p style="text-align:center">庭が広いので友達や親戚を呼んでバーベキューをしたりしたいです。</p><p style="text-align:center">ちょっとした家庭菜園もやってみたいです。</p><p style="text-align:center">　</p><p style="text-align:center"><span style="background-color:#808080">κ声匱卍梗卍后山下設計士・工務担当岩瀬・西田棟梁、その他たくさんの関係業者さんにメッセージをお願い致します。</span></p><p style="text-align:center">社長は最初から最後までたくさんのアドバイスをしてくれました。</p><p style="text-align:center">どうしたらかっこいい家になるのかいつも一緒に悩んでくれました。</p><p style="text-align:center">たくさん協力してくださり本当にありがとうございました。</p><p style="text-align:center">山下さんは何か分からない事があると、いつも優しく分かりやすく答えてくれて私たちの不安がなくなっていきました。</p><p style="text-align:center">いつでも私たちが住みやすいようにと考えてくれました。</p><p style="text-align:center">岩瀬さんはいつ会っても明るく話してくれて、見えない場所の木の役割などとても分かりやすく説明してくれました。</p><p style="text-align:center">優柔不断で物事を決められない時も的確なアドバイスをくれました。</p><p style="text-align:center">西田さんは初めは怖い印象だったけど、話すととても優しくて、仕事をしている姿がとても格好良かったです。</p><p style="text-align:center">現場が常に綺麗なところもすごいなと思いました。</p><p style="text-align:center">西田さんに建ててもらえてよかったです。</p><p style="text-align:center">　</p><p style="text-align:center"><img  src="/theme/ababai/images/abs/interview/uploads//uploads/images/IMG_4648.JPG" style="height:168px; width:300px" /></p><p style="text-align:center">Y様、ありがとうございました！</p><p style="text-align:center">　</p><p style="text-align:center">Y様邸の施工事例はこちら<a href="http://www.ando-kenchiku.jp/case/detail0042.html">http://www.ando-kenchiku.jp/case/detail0042.html</a></p>	0A5A0419.jpg	0	
0015		西尾市　K様邸	家族の体に優しく過ごせる家	<p style="text-align:center"><strong><span style="background-color:#A9A9A9">／恵曚魴てようと建てようと思ったきっかけは、どんな思いからですか？</span></strong></p><p style="text-align:center">家族が安心安全で暮らしていけるような場所を作りたかったから</p><p style="text-align:center">　</p><p style="text-align:center"><strong><span style="background-color:#A9A9A9">安藤建築に決められた理由を教えてください。</span></strong></p><p style="text-align:center">担当の佐弥香さんのお話を聞いて、家づくりに対する真直ぐな思いが伝わってきて信頼感がわいてきたので</p><p style="text-align:center">　</p><p style="text-align:center"><strong><span style="background-color:#A9A9A9">２箸鼎りの中でこだわったところは、どんなところですか？</span></strong></p><p style="text-align:center">１段下がったコックピットリビング</p><p style="text-align:center">家族を近くに感じられるワンフロアーのLDK</p><p style="text-align:center">　</p><p style="text-align:center"><strong><span style="background-color:#A9A9A9">ぐ惰７築で家を建てて、いかがでしたか？</span></strong></p><p style="text-align:center">丁寧に1つ1つ意見を聞いてくれて、スタッフの方々も皆さん笑顔でとても良い家づくりができました。</p><p style="text-align:center">いっぱい決める事があり迷ったりもしましたが、担当の佐弥香さんやスタッフさん達が</p><p style="text-align:center">心優しい対応をしてくださり、とても楽しい家づくりでした。</p><p style="text-align:center">　</p><p style="text-align:center"><span style="background-color:rgb(169, 169, 169)"><strong>イ海譴ら、この家でしていきたい暮らし方・やってみたい事などありますか？</strong></span></p><p style="text-align:center">家づくりを通して物を作る素晴らしさを体感したので</p><p style="text-align:center">自身もDIYなどしたい気持ちになりました。</p><p style="text-align:center">　</p><p style="text-align:center"><strong><span style="background-color:#A9A9A9">κ声卉甘の安藤佐弥香、工務の岩瀬、その他社長を始め安藤建築スタッフ</span></strong></p><p style="text-align:center"><strong><span style="background-color:#A9A9A9">職人さんとの思い出に残っている出来事や対応がありましたら、教えていただけますか？</span></strong></p><p style="text-align:center">安藤建築さんに出会い、土地探しからのスタートでした。</p><p style="text-align:center">最初に佑介さん・佐弥香さんと夫と私で何件も物件を一緒に回ってくれたこと</p><p style="text-align:center">振り返ってみるととても丁寧で心優しい対応をしてくださり感謝しております。</p><p style="text-align:center"><img  src="/theme/ababai/images/abs/interview/uploads//uploads/images/DSCN0752.JPG" style="height:188px; width:250px" /></p><p style="text-align:center">K様、ありがとうございました！</p><p style="text-align:center">　</p><p style="text-align:center">K様邸の施工事例はこちら<a href="http://www.ando-kenchiku.jp/case/detail0041.html">http://www.ando-kenchiku.jp/case/detail0041.html</a></p>	0A5A2729.jpg	0	
0014		西尾市　S様邸	「わたしらしく」暮らす心休まる家	<h2 style="font-style:italic; text-align:center">[西尾市　S様　お施主様インタビュー]</h2><p style="text-align:center"><strong><span style="background-color:#A9A9A9">／恵曚魴てようと思ったきっかけは、どんな思いからですか？</span></strong></p><p style="text-align:center">私たち夫婦にとって心休まる場所であり、自由で楽しい空間で暮らしたいという、そのような思いからです。</p><p style="text-align:center">　</p><p style="text-align:center"><strong><span style="background-color:#A9A9A9">安藤建築に決められた理由を教えてください。</span></strong></p><p style="text-align:center">両親の家も安藤建築さんにおまかせして、大変丁寧で細かい所まで気を配っていただいて</p><p style="text-align:center">素敵な家を建てて頂いたのを間近で見ていて、是非自分たちも安藤建築さんにお願いしたいと思いました</p><p style="text-align:center">　</p><p style="text-align:center"><strong><span style="background-color:#A9A9A9">２箸鼎りの中でこだわったところは、どんなところですか？</span></strong></p><p style="text-align:center">主人のこだわり&rarr;広い玄関・ウッドデッキ・横張りガルバ・和室・アイアン手摺の階段をカッコよく見せたい</p><p style="text-align:center">私のこだわり&rarr;家事動線を重視した間取り・アイランドキッチン・開放感のある吹き抜け</p><p style="text-align:center">細かい所で言えばスイッチや照明、トイレットペーパーホルダーなどを持ち込んだりしてこだわりました。</p><p style="text-align:center">　</p><p style="text-align:center"><strong><span style="background-color:#A9A9A9">ぐ惰７築で家を建てて、いかがでしたか？</span></strong></p><p style="text-align:center">自分たちにはもったいないくらい素敵な家を建てて頂けました。</p><p style="text-align:center">大手ハウスメーカーでは、こんなに細かく要望を聞いて貰えなかったと思います。</p><p style="text-align:center">すべて私たちの想いを叶えて頂いたので、本当に安藤建築さんにして良かったと思います。</p><p style="text-align:center">　</p><p style="text-align:center"><strong><span style="background-color:#A9A9A9">イ海譴ら、この家でしていきたい暮らし方・やってみたいことなどありますか？</span></strong></p><p style="text-align:center">庭がまだ未完成なので少しずつ手を加えて自分たちらしい家にしていきたいです。</p><p style="text-align:center">居心地のいい快適に暮らせる遊び心ある楽しい家にしていきたいです。</p><p style="text-align:center">　</p><p style="text-align:center"><strong><span style="background-color:#A9A9A9">κ声卉甘の柳生、工務担当の安藤、その他社長を始め安藤建築スタッフ・職人さんとの</span></strong></p><p style="text-align:center"><strong><span style="background-color:#A9A9A9">思い出に残っている出来事や対応がありましたら教えていただけますか？</span></strong></p><p style="text-align:center">柳生さんは建築中の現場やショールームへ何度も一緒に足を運んで頂いたり</p><p style="text-align:center">間取りでは何か月もやりとりをして根気強く相談に乗っていただきました。</p><p style="text-align:center">専務さんは細かい事まで色々とやっていただいて、こだわり強すぎな私の要望に素早く対応していただきました。</p><p style="text-align:center">棟梁は、主人の同級生ということもあり特に色々わがままを言ってしまったこともありました。</p><p style="text-align:center">これから長いお付き合いになると思います。</p><p style="text-align:center">ご相談させて頂く事があるかもしれません、これからもよろしくお願い致します。</p><p style="text-align:center">　</p><p style="text-align:center"><img  src="/theme/ababai/images/abs/interview/uploads//uploads/images/0A5A0941.jpg" style="height:167px; width:250px" /></p><p style="text-align:center">S様邸の施工事例は<a href="http://www.ando-kenchiku.jp/case/detail0040.html">http://www.ando-kenchiku.jp/case/detail0040.html</a>でご覧いただけます</p>	0A5A0954.jpg	0	
0013		西尾市　O様邸	子供の成長を共に見守る家	<p><strong>／恵曚魴てようと思ったきっかけは、どんな思いからですか？</strong></p><p>家族が家をたてることもあり、新築を何件か見ていました。子供が産まれて、将来を考えた時、ずっとアパートでは狭いと感じたのが大きなきっかけでした。また、資金の事を考えると早めに建てるメリットが大きいと考え、ライフプランを見直したことがきっかけでした。</p><p>　</p><p><strong>安藤建築に決められた理由を教えてください。</strong></p><p>母の紹介で安藤建築の家を見て、天井が高く木の温もりを感じる温かい家である印象を受けました。資金のことを考えると妥協等も必要になるかと思います。優先順位を考えたりして、資金も含めて納得するまで話し合い一緒に考えましょう、という言葉が大きかったと思います。</p><p>　</p><p><strong>２箸鼎りの中でこだわったところは、どんなところですか？</strong></p><p>共働きで子ども子どもがいるので、家事動線を重視しました。</p><p>洗濯物を1階にしまえるよう、1階に衣装ルームを作りました。収納もたくさん作っていただきました。レッドシダーの壁や梁、真ん中の柱など木材の温かさを活かしました。</p><p>　</p><p><strong>ぐ惰７築で家を建てて、いかがでしたか？</strong></p><p>たくさんの選択肢のある中工夫しながら、また生活や将来を考えるのは楽しかったです。</p><p>イメージがつきにくいこともありますが、絵を描いてくださったり、色味も明るい所で何度も実物を見せていただいたり、想像しながら楽しく建てられたと思います。</p><p>建てながら修正したりもして、想像以上の家ができました。大変なこともありましたが、いざ建て終わると打ち合わせがないことが寂しくなりました。</p><p>　</p><p><strong>イ海譴ら、この家でしていきたい暮らし方・やってみたいことなどありますか？</strong></p><p>真ん中の柱にこ子どもの成長を刻みながら、子どもの成長とともにインテリア等変化させながら過ごしたいと思います。変化させたいことなどがでてきたら相談させていただきたいです。</p><p>　</p><p><strong>κ声卉甘の柳生、工務担当の岩瀬、その他社長を始め安藤建築スタッフ・職人さんとの思い出に残っている出来事や対応がありましたら、教えていただけますか？</strong></p><p>柳生さんは、何度も打ち合わせを重ね私の好みなどもわかってくださり、きっと○○が好みだと思います、と後半はスムーズになっていったように思います。子どもの成長も共に喜んでくださり嬉しかったです。</p><p>岩瀬さんはLINEを通して家の進捗状況を教えてくださったり、ちょっとした相談もしやすかったです。</p><p>建前などに社長さん等も来てくださり、皆さん仲が良く家族のようにアットホームな会社だな、と思い親近感を感じました。</p><p>　</p><p>O様邸の施工事例はこちら！&rarr;<a href="http://www.ando-kenchiku.jp/case/detail0039.html">http://www.ando-kenchiku.jp/case/detail0039.html</a></p><p>　</p>	5D3_7559_2.jpg	16	5D3_7577_2.jpg		5D3_7580_2.jpg		5D3_7582.jpg		5D3_7590.jpg		5D3_7600.jpg		5D3_7607.jpg		5D3_7621.jpg		5D3_7632.jpg		5D3_7644.jpg		5D3_7648.jpg		5D3_7655.jpg		5D3_7665.jpg		5D3_7673.jpg		5D3_7679.jpg		5D3_7692.jpg		5D3_7707.jpg		
0012		西尾市　O様邸	ご夫婦の暮らしにちょうどいいスローライフの家	<p>／恵曚魴てようと思ったきっかけは、どんな思いからですか？</p><p>夫婦二人でくつろげる小さな家を建てたかった</p><p>　</p><p>安藤建築に決められた理由を教えてください。</p><p>元気で信頼できる安藤社長</p><p>　</p><p>２箸鼎りの中でこだわったところは、どんなところですか？</p><p>冬でも暖かい家</p><p>使いやすい間取りと掃除が楽な家</p><p>　</p><p>ぐ惰７築で家を建てられて、いかがでしたか？</p><p>私たちの「こうしたい」を細かいところまで何度も提案していただき</p><p>私たちのイメージ以上の家を建てることができました</p><p>家造りに携わっていただいた方々、ありがとうございました</p><p>　</p><p>イ海譴ら、この家でしていきたい暮らし方・やってみたいことなどありますか</p><p>花など植えてのんびりと</p><p>　</p><p>κ声卉甘の柳生、工務担当の小笠原、その他社長を始め安藤建築スタッフとの思い出に残っている出来事や対応がありましたら、教えていただけますか？</p><p>柳生さんと私たちの好みが似ていて、提案が気に入ることが多く</p><p>また適切なアドバイスがあり、担当が柳生さんで幸運でした</p><p>柳生さん、小笠原さん、棟梁、設備関係の方と打ち合わせを</p><p>重ねながらいっしょに建てたという印象が強いです。</p><p>　</p><p>　</p><p>このお家の施工事例はこちら&rarr;&rarr;&rarr;<a href="http://www.ando-kenchiku.jp/case/detail0037.html">http://www.ando-kenchiku.jp/case/detail0037.html</a></p><p>　</p>	370A3592.jpg	22																							370A3618_.jpg		370A3708_.jpg		370A3734_.jpg		370A3803_.jpg		370A3833_.jpg		370A3848_.jpg		370A6054_.jpg		370A6066_.jpg		370A6116_.jpg		370A6146_.jpg		370A6161_.jpg		
0011		西尾市　Ｉ様邸	スプーンカットの梁がオシャレな家事ラク！のお家	<p><img  src="/theme/ababai/images/abs/interview/uploads//uploads/images/IMG_3096.JPG" style="height:225px; width:300px" /></p><p>お施主様から頂いたお手紙です</p><p>　</p><p>「安藤さんに電話しようか。」幼い頃から、家の事で何か起きると家を建ててくださった「安藤さん」に</p><p>連絡するのが実家の当たり前でした。実家は築20年ほどですが、とても丈夫で特に大きな修繕も必要なく</p><p>過ごしています。建ててもらったときもとてもよくして頂いたようで、両親ともに信頼しているのが伝わってきます。</p><p>　私も結婚して、いざ家を建てようとしたとき、「安藤建築に相談してみるといいよ。」と両親から言われま</p><p>した。でも、その時は正直「工務店＝大工さんが建てる昔ながらの家、安いけど安全性が不安」というイメージで</p><p>あまり気乗りせず、他のメーカーを検討しようと夫婦で話していました。大手のハウスメーカー</p><p>の話を聞けば聞くほど、それぞれの考えがあって何が良いのかよくわからなくなってきた頃、一度</p><p>安藤建築の話も聞いてみようと相談に行くことにしました。社長に「耐震性が不安」「おしゃれな家が建てたい」</p><p>ということを伝えると、ハウスメーカーで聞いてきたそれぞれの工法のメリットデメリットを教えてもらったり</p><p>実際に安藤建築で建てた家の写真を見せてもらったりしました。それでもなんだかもやもやしている私たち</p><p>の姿に気付いてか、後日地盤改良をしている現場や、おしゃれな家巡りなど、今思えばこんなに</p><p>してもらって……と恐縮するほど、安心させるために手を尽くしてもらいました。何度も何度も社長の</p><p>家づくりに対する熱い思いを聞いているうちに工務店に対する不安はすっかりなくなり、安藤建築で家づくりを</p><p>したいと思うようになりました。</p><p>　</p><p>　家づくりでのこだわりはたくさんあります。</p><p>　夫婦共働きで毎日忙しいなかで、ついつい洗濯物が山になってしまうことが悩みでした。それをなんとか</p><p>するために、洗濯する&rarr;隣のサンルームに干す&rarr;和室の窓を開けて取り込む&rarr;和室でたたむか、1階のクローゼット</p><p>にかける。すぐに出来ないときは和室のドアを閉めて隠す！が出来る動線にしました。キッチンや</p><p>脱衣室などの散らかりやすい場所も、急にお客さんが来ても慌てないように、見えない間取りになっています。</p><p>子供が産まれて思うようにじかんが取れない今でも、いざとなれば隠せると思うだけでとても楽ちん。</p><p>心に余裕を持って子供との時間を大切に、生活できています。</p><p>　トイレやキッチン、テレビのうしろのタイル、屋根の瓦、玄関のヘリンボーン、照明、リビングの梁などは、</p><p>友達が来ると「おしゃれ！」と褒められます。新居を想像しながら時間をかけてじっくり選んだものだから</p><p>こそ思い入れがあるし、毎日目に入るたびに幸せな気持ちになります。和室の机にも床にもなるからくりも、</p><p>高さの変わるダイニングテーブルも、時や場合に合わせて変えながら楽しんでいます。</p><p>　</p><p>　でも何より安藤建築で家づくりをして良かったなと思うことは、人の良さです。素人の私が思い付きでお願い</p><p>したことも「大丈夫！何でもできるよ！」と受け止めてくれる社長をはじめ、どんな時でも優しく、現場に</p><p>何度も足を運んで時には一緒に作業もこなす専務、センス抜群で明るく、家づくりだけではなく出産</p><p>や子育ての相談にまでのってくれるさやかさん、私たちの希望をすべて盛り込んだ素敵な間取りを考えてくれた</p><p>山下設計士さん、細かい気遣いをしながらていねいに仕事をしてくれた、おしゃべりも楽しい大工のよっちゃん。</p><p>書ききれないほど多くの人と関わりましたが、全員がお話しやすく、温かい雰囲気で、家づくりに</p><p>一生懸命で、今後も実家の家族のように一生のお付き合いをしていきたいなと思う方ばかりです。「これがしたい！」</p><p>をすべて叶えていただき、思う存分家づくりを楽しめました。住み始めて2年が経ちますが、これからも</p><p>家族の形や住まい方に合わせて、少しずつ手を加えてながらますます大好きな家にしていきたいなと思います。</p><p>これからも、よろしくお願いします。</p><p>　</p><p>この家の施工事例はこちら>>><a href="http://www.ando-kenchiku.jp/case/detail0026.html">http://www.ando-kenchiku.jp/case/detail0026.html</a></p>	kirei17-12-19-2.jpg	10	kirei17-12-19-10.jpg		kirei17-12-19-13.jpg		kirei17-12-19-15.jpg		kirei17-12-19-20.jpg		kirei17-12-19-22.jpg		kirei17-12-19-26.jpg		kirei17-12-19-29.jpg		kirei17-12-19-37.jpg		kirei17-12-19-43.jpg		kirei17-12-19-51.jpg		
0010		西尾市　K様邸	クロスや造作にこだわった南欧風のお家	<p>／恵曚魴てようと思ったきっかけは何ですか？</p><p>　結婚をして今の母屋だけで生活するには狭く、一度は自分で家を建ててみたいという思いがあったから。</p><p>　</p><p>安藤建築に決めた理由を教えてください</p><p>　父親の知り合いに安藤建築さんで新築を建てた人がいて勧められたのと、実際にその家を見て良かった所。</p><p>　初めて会った時の印象が良く、良い人だったから。</p><p>　</p><p>２箸鼎りの中でこだわったところはどこですか？</p><p>　クロスと間接照明</p><p>　クロスに合うよう照明を選んだことと作業部屋の使いやすさ</p><p>　家の外観もかわいくみえるようこだわりました</p><p>　あと玄関の造作です</p><p>　</p><p>ぐ惰７築で家を建ててみていかがでしたか？</p><p>　自分の思い描いていた家よりも素敵な家を建てることができて大満足です。</p><p>　家が完成して安藤建築さんや設計士の山下さんに会いなくなるのでさみしく感じます。</p><p>　</p><p>ナ声匱卍后山下設計士・工務担当の専務とのやりとりや対応などで、心に残っていることや印象的なことなどありましたら、教えてください。</p><p>　社長さんの印象はとにかく元気でパワフルな人だなと思いました。</p><p>　専務さんは細かいところまで気を使っていただいてとても優しい人でした。</p><p>　山下さんは最初の打ち合わせから最後までずっと一緒にやってきましたが設計士さんが山下さんで本当に良かったと思いました。楽しく打ち合わせが出来たので。</p><p>　</p><p>Δ海譴ら、この家でしていきたい暮らし方、やってみたいことなどありますか。</p><p>　これから家族も増え子供も成長していきますが、家族みんな仲良く楽しく暮らしていきたい。</p><p>　</p><p>このお家の施工事例はこちら&rarr;<a href="http://www.ando-kenchiku.jp/case/detail0036.html">http://www.ando-kenchiku.jp/case/detail0036.html</a></p>	0A5A1199.jpg	9	0A5A1283.jpg		0A5A1255.jpg		0A5A1305.jpg		0A5A1310.jpg		0A5A1314.jpg		0A5A1377.jpg		0A5A1414.jpg		0A5A1474.jpg		0A5A1484.jpg		
0009		西尾市　T様邸	家族を繋ぐスケルトン階段の家	<p><img  src="/theme/ababai/images/abs/interview/uploads//uploads/images/IMG_2322.JPG" style="height:667px; width:500px" /></p><p>お施主様よりいただきましたお手紙です。</p><p>　</p><p>安藤建築、関係者の皆様方へ</p><p>　</p><p>無事に今日の日を迎えることが出来ました。本当にありがとうございます。</p><p>いつか自分の家を建てることを夢見ており、実現できたことをうれしく思っております。</p><p>　</p><p>結婚してからアパートで暮らしておりましたが、二人ともこのまま家賃を払い続けるのがもったいないと思ったこと、消費税が上がるとのきっかけもあり、家の資料を集め始めました。</p><p>初めは家づくりに関して無知であったため、本屋で情報誌を購入し、二人のイメージを固めてからのスタート！！</p><p>二人のイメージが固まってからの行動は早く、実際に住宅展示場に行ったり、資料請求をした5〜6社に足を運び、話を聞いてみましたが、正直パッとするものがありませんでした。。</p><p>覚悟はしていましたが、しつこい営業メール、電話、訪問の数々、大手ハウスメーカーの営業担当者もとりあえず契約させるのに必死さだけが伝わってきて、「このメーカで本当に自分の住みたい家住めるのか？」と疑問に思い、しばらくは家づくりに関して休息をとり、気長に探すことにしました。暇な日に自分の足でいろいろな場所の土地を見に行ったり。。</p><p>　</p><p>そんな中、たまたま会社の昼休み中にインターネットを見ていたら安藤建築さんのホームページにたどり着きました。私がイメージしていたのとピッタリの施工事例があり、早速メールで問い合わせしました。</p><p>初めて伺った際に、佑介さん、佐弥香さんのご対応して頂き、今になっては何を話したか全く覚えていませんが、帰りの車の中二人で話していたのは、他のハウスメーカの営業の方と比較して、印象が良かったこと、私たちの質問に対して丁寧に対応していただき、親身になって相談に乗っていただけるのではないかと感じたことでした。また、言葉だけではなく書面にも残してくれることで安心感が持てたこと、さらにグッドタイミングで良い土地も出てきたことで、もう即決でしたね(笑)</p><p>　</p><p>事務所で何回も細部に渡って打ち合わせを行い、完成見学会でイメージを掴みながら良いアイデアを盗み、名古屋や岡崎のショールームでクロスやキッチン、トイレなどを選び、毎回家づくりが進んでいくことが楽しみでした。また打ち合わせ中の佑介さん、佐弥香さんの夫婦漫才みたいなやりとりも密かに楽しみにしていました。笑</p><p>　</p><p>それとやっぱり無垢材は良いですね。多少費用は掛かってしまいましたが、これだけは妥協せずに良いものにして良かったと思っております。床材、吹き抜けから見える柱、雰囲気はかなりお気に入りです。和室にも私は終始こだわっていましたがが提案していただいた間接照明も実はお気に入りですよ。今までアパート暮らしでは出来なかった、家族や友達を呼んでバーベキューやパーティーも出来ることを楽しみにしています。</p><p>　</p><p>いつも笑顔で迎えてくれる佑介さん、佐弥香さんには最初から最後まで自分たちでは絶対に思いつくことが出来なかったアイデアを沢山提案して頂きました。</p><p>時にはお子さんの塾の送り迎え帰りに照明の位置を決めるのに付き合ってくださった時もありましたね。</p><p>家づくりを進めていくうえで、私たちのマンガ絵を間取り図に反映させてくれたやまじん測量設計さん。建築中にはあまり伺うことが出来ませんでしたが、手を抜かずに細かいところにも気を使って、着工から建築までやりきってくれた棟梁をはじめ、大工の方々。上棟式でのすごいスピードで骨組みが組み上がっていく姿は圧巻でした。その他、安藤建築のスタッフの方、外構工事の方、司法書士の鈴木さん、この家づくりに携わって頂いた皆様に大変感謝しております。本当にありがとうございました。</p><p>　</p><p>これからもお互いの寿命がくるまで末永いお付き合いをよろしくお願い致します。</p><p>　</p><p>　</p><p>　</p><p>　</p><p>　</p><p>この家の施工事例はこちら&rarr;<a href="http://www.ando-kenchiku.jp/case/detail0034.html">http://www.ando-kenchiku.jp/case/detail0034.html</a></p>	0A5A2978_.jpg	8	0A5A3061_.jpg		0A5A3048_.jpg		0A5A3066_.jpg		0A5A3043_.jpg		0A5A9744_.jpg		0A5A9762_.jpg		370A8494_.jpg		370A8655_.jpg		
0008		西尾市　S様邸	無垢材をふんだんに使った広々空間のお家	<h2 style="font-style:italic">／恵曚魴てようと思ったきっかけ</h2><p>　</p><p>　　子供が小学校入学前までに建てたいとおもったから</p><p>　</p><h2 style="font-style:italic">安藤建築に決めた理由</h2><p>　</p><p>　　ハウスメーカーの展示会でフィーリングが合わず、ネットで見た</p><p>　　安藤建築の現場完成見学会を伺った時に良い家が建ててもらえると</p><p>　　感じたから</p><p>　</p><h2 style="font-style:italic">２箸鼎りの中でこだわったところ</h2><p>　</p><p>　　たくさんの収納と小さい子供達が遊べる空間</p><p>　</p><h2 style="font-style:italic">ぐ惰７築で家を建ててみて</h2><p>　</p><p>　　何度も何度も打ち合わせを重ね「一緒に良い家を建てて行く」という</p><p>　　思いを強く感じた</p><p>　</p><h2 style="font-style:italic">イ海譴ら、この家でしていきたい暮らし方</h2><h2 style="font-style:italic">　　　　　　　やってみたいことなどありますか</h2><p>　</p><p>　　広い空間のリビングや子供部屋でのびのびと暮らしてみたい</p><p>　</p><h2 style="font-style:italic">Δ修梁勝△い蹐い蹐覆完娶などございましたら</h2><h2 style="font-style:italic">　　　　　　　　　　　　　　　お聞かせください</h2><p>　</p><p>　　十分過ぎるほどの打ち合わせを重ねて、良い家が完成することができました</p><p>　　またこれからも相談に乗ってください</p><p>　</p><p>この家の施工事例はこちら　<a href="http://www.ando-kenchiku.jp/case/detail0031.html">http://www.ando-kenchiku.jp/case/detail0031.html</a></p>	370A7104.jpg	6	0A5A9803.jpg		0A5A9813.jpg		0A5A9825.jpg		0A5A9832.jpg		370A7086.jpg		370A7104_.jpg		
0007		西尾市一色町　H様より	好きな色・好きな物に囲まれた心地よい暮らし	<h1><u><strong>／恵曚魴てようと思ったきっかけは、</strong></u></h1><h1>　</h1><h1><u><strong>何ですか？</strong></u></h1><p>　</p><p><span style="font-size:18px"><strong>　子どもが小学校にあがるまでに建てると決めていたので</strong></span></p><h1>　</h1><p>　</p><h1><u><strong>安藤建築に決めた理由を教えてください</strong></u></h1><h2>　</h2><h2><strong>　</strong></h2><h2><span style="font-size:18px"><strong>はじめは、ハウスメーカーと迷っていましたが、</strong></span></h2><h2>　</h2><h2><span style="font-size:18px"><strong>営業さんの家づくりに対する知</strong><strong>識の豊富さと実際に建築中の家を</strong></span></h2><h2>　</h2><h2><span style="font-size:18px"><strong>見せてもらったりして、ここなら安心して家づくりができそうだな</strong></span></h2><h2>　</h2><h2><span style="font-size:18px"><strong>と思いました。</strong></span></h2><p>　</p><h1>　</h1><h1><u><span style="font-size:22px"><strong>２箸鼎りの中でこだわったところ</strong></span></u></h1><h2>　</h2><h2><span style="font-size:18px"><strong>掃除がしやすいように、水回りの床をフロアタイルにしました。</strong></span></h2><p>　</p><h2><span style="font-size:18px"><strong>フローリングと質</strong><strong>感や見た目が変わることで、メリハリがついて良かったです。</strong></span></h2><h2>　</h2><h2><span style="font-size:18px"><strong>壁紙は、悩んで悩ん</strong><strong>で、ショールームに２回見に行きました（笑）</strong></span></h2><p>　</p><p><span style="font-size:18px"><strong>WICの花柄クロスは、思い切って決めましたが、とても気に入っています♪</strong></span></p><p>　</p><p><span style="font-size:18px"><strong>外壁も、晴れた日と曇りの日では、色が違って見えて、</strong></span></p><p>　</p><p><span style="font-size:18px"><strong>それもお気に入りです。</strong></span></p><p>　</p><p><span style="font-size:18px"><strong>こだわりすぎ</strong><strong>て、たくさんお願いしましたが、いつも賛成してくれて</strong></span></p><p>　</p><p><span style="font-size:18px"><strong>ほぼ全部叶えてくださって、本当</strong><strong>にありがとうございました!!</strong></span></p><p>　</p><h1>　</h1><h1><u><strong>ぐ惰７築で家を建ててみてどうでしたか？</strong></u></h1><p>　</p><p><span style="font-size:18px"><strong>私が細かくお願いしたところや、直して欲しいところを言えばすぐに</strong></span></p><p>　</p><p><span style="font-size:18px"><strong>返事していただき、こうしたいと言うと決して否定はせず、</strong></span></p><p>　</p><p><span style="font-size:18px"><strong>さらに良くなるように提案してくれたので、</strong></span></p><p>　</p><p><span style="font-size:18px"><strong>とて</strong><strong>も生活しやすい家になりました。</strong></span></p><p>　</p><p><span style="font-size:18px"><strong>また、見学会の日には２月で外は風も強く寒い日でしたが、</strong></span></p><p>　</p><p><span style="font-size:18px"><strong>仮の電気ヒーターのみの暖房でも家の中がとても暖かく、</strong></span></p><p>　</p><p><span style="font-size:18px"><strong>断熱性の良さにびっくりしました。</strong></span></p><p>　</p><p><span style="font-size:18px"><strong>これから、この家で暮らせることが、本当にうれしいです！</strong></span></p><p>　</p><p>　</p><p><strong><u><span style="font-size:28px">イ海譴ら、この家での暮らし方、</span></u></strong></p><p>　</p><p><span style="font-size:28px"><u><strong>やってみたいことはありますか？</strong></u></span></p><p>　</p><p><span style="font-size:18px"><strong>親戚や友人が遊びに来てもらえるような居心地の良い空間にしたいな</strong></span></p><p>　</p><p><span style="font-size:18px"><strong>と思います。</strong></span></p><p>　</p><p><span style="font-size:18px"><strong>時間と余裕があれば、ガーデニングをしたいなあと密かに思っています（笑）</strong></span></p><p>　</p><p>　</p><p><strong><span style="font-size:26px">Δ修梁勝△い蹐い蹐完娶やご感想など</span></strong></p><p>　</p><p><strong><span style="font-size:26px">ありましたら、</span></strong><strong><span style="font-size:26px">お聞かせください！</span></strong></p><p>　</p><p><span style="font-size:18px"><strong>打合せ〜引き渡しまでの間に、営業さんをはじめ、現場監督さん、大工さん、</strong></span></p><p>　</p><p><span style="font-size:18px"><strong>設備関係の皆さまには本当にお世話になりました。</strong></span></p><p>　</p><p><span style="font-size:18px"><strong>私が聞きたいことや意見を聞くと、とても気さくに答えてくださる方ばかりで</strong></span></p><p>　</p><p><span style="font-size:18px"><strong>安心してお任せすることができました。</strong></span></p><p>　</p><p><span style="font-size:18px"><strong>完成見学会では、この家に合った家具やインテリアが入った状態を見ることが</strong></span></p><p>　</p><p><span style="font-size:18px"><strong>できて、実際に住むとこんな感じになるのかととても参考になりました。</strong></span></p><p>　</p><p><span style="font-size:18px"><strong>本当にありがとうございました！</strong></span></p><p>　</p><p><span style="font-size:18px"><strong>そして、これからもよろしくお願いします！</strong></span></p><p>　</p>	0A5A6013.jpg	40	0A5A5952.jpg		0A5A6251.jpg		0A5A5953.jpg		0A5A6000.jpg		0A5A6006.jpg		0A5A6007.jpg		0A5A6016.jpg		0A5A6026.jpg		0A5A6036.jpg		0A5A6043.jpg		0A5A6045.jpg		0A5A6046.jpg		0A5A6049.jpg		0A5A6053.jpg		0A5A6056.jpg		0A5A6060.jpg		0A5A6064.jpg		0A5A6069.jpg		0A5A6151.jpg		0A5A6085.jpg		0A5A6088.jpg		0A5A6092.jpg		0A5A6094.jpg		0A5A6098.jpg		0A5A6102.jpg		0A5A6108.jpg		0A5A6117.jpg		0A5A6136.jpg		0A5A6142.jpg		0A5A6118.jpg		0A5A6146.jpg		0A5A6159.jpg		0A5A6164.jpg		0A5A6166.jpg		0A5A6168.jpg		0A5A6180.jpg		0A5A6182.jpg		0A5A6188.jpg		0A5A6191.jpg		0A5A6198.jpg		
0006		西尾市平坂町　I様邸	天然木の優しさと陽だまりを感じる平屋の暮らし	<h1><span style="font-size:1em">■新築を建てようと<span style="font-size:24px">思った</span>きっかけ</span></h1><p>　</p><p>自営の工場を拡張するために、今住んでいる母屋を取り壊すことになったので。</p><p>　</p><p>　</p><h1><span style="font-size:1em">■安藤建築に決めた理由</span></h1><p>　</p><p><span style="font-size:1em">ハウジングセンターをあちこち回っていた時に、安藤建築さんの広告を目にして、</span></p><p><span style="font-size:1em">主人と「１回行ってみるか。」</span><span style="font-size:1em">となって、内覧会に行きました。</span></p><p><span style="font-size:1em">初めて内覧会というところに行って、ハウスコーディネーターの方の細部にわたる説明と</span></p><p><span style="font-size:1em">スッキリして丁寧な仕事をみることができ、そのままスムーズに話が進んでいきました。</span></p><p>　</p><p>　</p><h1><span style="font-size:1em">■家づくりの中でこだわったところ</span></h1><p>　</p><p><span style="font-size:1em">特別にこれというのは、なかったです。</span></p><p><span style="font-size:1em">シンプルで明るい感じがいいな、とお伝えしました。</span></p><p>　</p><p>　</p><p>　</p><h1><span style="font-size:1em">■安藤建築で家を建ててみてどうでしたか。</span></h1><p>　</p><p><span style="font-size:1em">私は、大根や人参を買うのは得意ですが、家を自分で決めていくのは初めてだったので、</span></p><p><span style="font-size:1em">何の予備知識もなく</span><span style="font-size:1em">初めは戸惑いもありました。</span></p><p><span style="font-size:1em">　けれど、いろいろと細かいところにも気を配ってくれて、</span><span style="font-size:1em">私の身長に合わせて、</span></p><p><span style="font-size:1em">現場で棚の高さを決めてもらってり、</span>あいまいなところは何度も確認してくれたりしながら、</p><p>進めて下さり、ありがたかったです。安心・信頼の安藤建築と思ってお願いして、良かったです。</p><p>　</p><p>　</p><p>　</p><p>　</p><h1><span style="font-size:1em">■これから、この家でのしていきたい</span></h1><p>　</p><h1><span style="font-size:1em">暮らし方、</span>やってみたいことなどありますか。</h1><p>　</p><p>　</p><p>リビングのテレビをひとり占めしたい( *&acute;艸｀)</p><p>愛犬と無垢の床の上で、ごろごろしたり、スカイプしたり。。。。</p><p>これからのことを考えると、楽しくなります。</p><p>そしてまちがいなく、楽しくくらせそうです。</p><p>　</p><p>　</p><p>我が家がだんだんと出来上がってきて、</p><p>&rdquo;なんだか、いい感じだな〜&rdquo;</p><p>&rdquo;そだね〜&rdquo;</p><p>なんて主人と話していました。</p><p>朝早くから大工さんが来てくれて、トントントンという音を聞きながら、</p><p>ありがたい気持ちにもなりました。</p><p>安藤建築の皆様、そして我が家に関わって下さった方々に、心から感謝します。</p><p>ありがとうございました。</p><p>　</p><p>I様邸の施工写真は、<a href="http://www.ando-kenchiku.jp/case/detail0028.html">http://www.ando-kenchiku.jp/case/detail0028.html</a></p>	0A5A4045.jpg	0	
0005		西尾市　N様邸	木々しい和モダンの家　	<h1>　</h1><h1>　</h1><h1><span style="font-size:1em">■新築を建てようと<span style="font-size:24px">思った</span>きっかけ</span></h1><p>　</p><p><span style="font-size:1em">それまで、名古屋のマンションに住んでいましたが、狭くて暗くて、</span></p><p><span style="font-size:1em">子どもが小学校入学する前には建てたいと思っていました。</span></p><p><span style="font-size:1em">広い庭で子供を遊ばせてあげたいと思ったので、私（奥様）の実家から土地を分けてもらいました。</span></p><p>　</p><p>　</p><p><img  src="/theme/ababai/images/abs/interview/uploads//uploads/images/kirei-170709-51.jpg" style="height:334px; width:500px" /></p><h1>　</h1><h1>　</h1><h1>　</h1><h1><span style="font-size:1em">■安藤建築に決めた理由</span></h1><p>　</p><p>　</p><p><span style="font-size:1em">名古屋の方でも、こちらでもハウジングセンターに行ったりして、一通りののハウスメーカーを</span></p><p><span style="font-size:1em">見て回りました。見ているうちに自分たたちの好みや要望がはっきりしてきて、</span></p><p><span style="font-size:1em">それを叶えようとすると</span><span style="font-size:1em">メーカーではやってくれないということも分かってきました。</span></p><p><span style="font-size:1em">ハウスメーカーだと、モデルルームはすごく見栄えが</span><span style="font-size:1em">いいけど、</span></p><p><span style="font-size:1em">自分たちの用意できる金額だともうランクみたいなのが決まってきてしまって、</span></p><p><span style="font-size:1em">こちらの要望を盛り込んで</span><span style="font-size:1em">もらえる余地が無かったから、工務店にしようと決まりました。</span></p><p><span style="font-size:1em">　実家で広告を見ていたら、安藤建築の広告目に入ってきて、すぐに電話をしました。</span></p><p><span style="font-size:1em">社長さんに自分たちの要望だった</span><span style="font-size:1em">「無垢の木を使いたい」ということを話すと、</span></p><p><span style="font-size:1em">すごい熱意で天然の木のことを語ってくれたので、</span></p><p><span style="font-size:1em">私たちの気持ちを分かっ</span><span style="font-size:1em">てもらえると思い</span><span style="font-size:1em">ました。</span></p><p>主人が電気関係の仕事をしているので、知り合いの業者さんにやってもらいたいということも、</p><p>「全然問題ないですよ。」と言ってくれて、安心しました。</p><p>　</p><p>　</p><h1>　</h1><h1>　</h1><h1>　</h1><h1>■家づくりの中でこだわったところ</h1><p>　</p><p>　</p><p><span style="font-size:1em">無垢の木を使ったお家にしたかったです。リビングを中心に、</span></p><p><span style="font-size:1em">素材感や素材のもつ色合いなどを大切にしたいと思っていま</span></p><p><span style="font-size:1em">した。あと、旦那は丈夫な大黒柱を入れたいと言っていました</span><span style="font-size:1em">。</span></p><p><span style="font-size:1em">安藤建築さんとはすごく近かったので、主人は何度も倉庫</span><span style="font-size:1em">に出入りさせてもらって、</span></p><p><span style="font-size:1em">大黒柱は倉庫にある立派なヒノキを柱にしてもらいました。</span></p><p><span style="font-size:1em">１階には、こだわってお金をかけた分、２階はあまりかけたくなかったので、</span></p><p><span style="font-size:1em">安藤建築さんの倉庫にあった物をいろいろと</span><span style="font-size:1em">安く分けてもらうことができて、</span></p><p><span style="font-size:1em">本当に助かりました。そういうところも、ハウスメーカーでは絶対にしてくれないところ</span></p><p><span style="font-size:1em">だと思うので、いいこと尽くめでした。</span></p><p>　</p><p>　</p><p>　</p><p><span style="font-size:1em"><img  src="/theme/ababai/images/abs/interview/uploads//uploads/images/kirei-170709-8.jpg" style="height:333px; width:500px" /></span></p><p>　</p><p>　</p><h1>　</h1><p>　</p><h1><span style="font-size:1em">■安藤建築で家を建ててみて</span></h1><p>　</p><p>　</p><p><span style="font-size:1em">本当に、すごく良かった！建築中も思いついたことを、すぐにお兄ちゃんに</span></p><p><span style="font-size:1em">（お施主様ご夫婦は、監督（専務）のことを慕</span><span style="font-size:1em">って「お</span><span style="font-size:1em">兄ちゃん」と呼んでくださっています&#9825;）</span></p><p><span style="font-size:1em">ラインして、そうすると「それは、構造上できないよ〜。」とか、「い</span><span style="font-size:1em">いね〜。」とか返事をくれるので、</span></p><p><span style="font-size:1em">自分たちの想いを我慢することなく、いつでも安心して伝えることができました。</span></p><p>もうこの家に住んで５年になるけど、何かあるとすぐにラインすれば飛んで来てくれるし、</p><p>ちょっとした小さなことでも相談に乗ってくれるし、ずっと頼りにしています。</p><p>職人さんたちもみんな気軽に声をかけてくださって、建築中も何回も見に行きました。</p><p>トイレの手洗いカウンターも洗面室のカウンターも、自分たちのイメージを画像で見せたら、</p><p>全部社長が手作りしてくれて、本当にイメージ通りで大満足です。</p><p>　</p><p><img  src="/theme/ababai/images/abs/interview/uploads//uploads/images/kirei-170709-21.jpg" style="height:499px; width:333px" /></p><p><img  src="/theme/ababai/images/abs/interview/uploads//uploads/images/kirei-170709-23.jpg" style="height:500px; width:333px" /></p><p>　</p><p>　</p><h1><strong>■住み始めて、どうですか？</strong></h1><h1>　</h1><p><span style="font-size:1em">５年経った今でも、窓を締め切って帰ってくると、玄関に入った瞬間から木の香りがしてほっとします。</span></p><p><span style="font-size:1em">アパートに住んでいた頃は、外出したくて仕方なかったけれど、この家を建ててから、</span></p><p><span style="font-size:1em">ここが一番落ち着く場所に</span><span style="font-size:1em">なって、家で過ごす時間が本当に好きになりました。</span></p><p><span style="font-size:1em">例えば、下手な旅館に行くぐらいなら、家の方がよっぽどいいね、</span><span style="font-size:1em">って主人とも話しています。</span></p><p>庇（ひさし）を長くしてくれたので、夏の暑い太陽は室内に入らず、本当に涼しいんですよ。</p><p>今年もお盆あたりに数日エアコンをつけていたかな。っていうぐらいで。</p><p>今は、四角いお家とかたくさん建てられているけれど、日本の昔からの様式は</p><p>やっぱり理に適っていることを実感しています。</p><p>本当に、大満足な家を建ててもらえて、安藤建築さんには感謝しかないです。</p><p>　</p><p>N様邸の写真は、こちら★<a href="http://www.ando-kenchiku.jp/case/detail0024.html">http://www.ando-kenchiku.jp/case/detail0024.html</a></p><p>　</p><p>　</p><p>　</p><p>　</p><p>　</p><p>　</p><p>　</p>	Kirei-170709-3.jpg	0	
0004		西尾市　I様邸	シンプル・機能的でありながらセンスあふれる家	<h1><span style="font-size:1em">■新築を建てようと<span style="font-size:24px">思った</span>きっかけ</span></h1><p>　</p><p><span style="font-size:1em">広い庭で子供子供を遊ばせてあげたいとい<span style="font-size:14px">う</span></span></p><p><span style="font-size:1em"><span style="font-size:14px">思いがあ</span>って、</span><span style="font-size:1em">そう考えると長くローンを組むには、</span></p><p><span style="font-size:1em">早い方がよいと思って、家を建てることを考え始めました。</span></p><p>　</p><p>　</p><p><img  src="/theme/ababai/images/abs/interview/uploads//uploads/images/%CD%B5%B5%B0%CD%CD%C5%A1%A4%AA%C4%ED.jpg" style="height:333px; width:500px" /></p><p>　</p><p>　</p><p><span style="font-size:24px">■安藤建築に決めた理由</span></p><p>　</p><p><span style="font-size:14px">自分の仕事がら、いろいろな建築会社の建てた家に</span></p><p><span style="font-size:14px">入らせてもらうが、</span><span style="font-size:14px">建てている途中に</span><span style="font-size:14px">部材や構造を見ても、</span></p><p><span style="font-size:14px">安藤建築さんはしっかりとしたものを使っていて、</span></p><p><span style="font-size:14px">大きな住宅メーカーと</span><span style="font-size:14px">比べても全く遜色ないと</span></p><p><span style="font-size:14px">感じたのが一番ですね。</span></p><p><span style="font-size:14px">あと、こういう家にしたいとしたいという</span></p><p><span style="font-size:14px">自分の想いがあって、</span><span style="font-size:14px">社長に話をしたら、</span></p><p><span style="font-size:14px">「言ってくれれば、どういうふうにでも必ず形に</span></p><p><span style="font-size:14px">　 　できるから、任せてくれ。」</span><span style="font-size:14px">と言ってくれて、</span></p><p><span style="font-size:14px">ここにしようと決めました。</span></p><p><span style="font-size:14px">自由に設計できて、本当に完全な自分たちだけの</span></p><p><span style="font-size:14px">注文住宅を</span><span style="font-size:14px">作って</span><span style="font-size:14px">くれそうだと感じました。</span></p><p>　</p><p><span style="font-size:14px"><img  src="/theme/ababai/images/abs/interview/uploads//uploads/images/2-1.jpg" style="height:334px; width:500px" /></span></p><p>　</p><p>　</p><p><span style="font-size:24px">■家づくりの中でこだわったところ</span></p><p>　</p><p><span style="font-size:14px">キッチンの裏にパントリーをつくって、</span></p><p><span style="font-size:14px">そこから洗面・お風呂に、</span><span style="font-size:14px">そしてキッチンへと</span></p><p><span style="font-size:14px">周回できるように、間取りを考えてもらいました。</span></p><p><span style="font-size:14px">リビングの南面の窓も、開口が大きく、</span></p><p><span style="font-size:14px">できるだけフレームが邪魔しない物を</span><span style="font-size:14px">選びました。</span></p><p><span style="font-size:14px">「和室は欲しいけど、和室っぽくないのがいい。」</span></p><p><span style="font-size:14px">と伝えたら、</span><span style="font-size:14px">飾り壁や照明を提案してくれて、</span></p><p><span style="font-size:14px">とても気に入っています。</span></p><p>　</p><p><span style="font-size:14px"><img  src="/theme/ababai/images/abs/interview/uploads//uploads/images/11.jpg" style="height:333px; width:500px" /></span></p><p>　</p><p>　</p><p><span style="background-color:rgb(255, 255, 255); color:rgb(51, 51, 51); font-size:24px">■安藤建築で家を建ててみて</span></p><p>　</p><p><span style="font-size:14px"><span style="background-color:rgb(255, 255, 255); color:rgb(51, 51, 51)">本当に何の不満もないですね。</span></span></p><p><span style="font-size:14px"><span style="background-color:rgb(255, 255, 255); color:rgb(51, 51, 51)">自分たちが伝えた要望をどうにか</span></span></p><p><span style="font-size:14px"><span style="background-color:rgb(255, 255, 255); color:rgb(51, 51, 51)">できる限り実現しようと努力して</span></span><span style="font-size:14px">くれる熱意を</span></p><p><span style="font-size:14px">感じたから、こちらも気持ちよく家を建ててもらう</span></p><p><span style="font-size:14px">ことができました。</span></p><p><span style="font-size:14px"><span style="background-color:rgb(255, 255, 255); color:rgb(51, 51, 51)">こちらの要望を叶えつつ、あちこちで提案をしてくれるので、</span></span></p><p><span style="font-size:14px"><span style="background-color:rgb(255, 255, 255); color:rgb(51, 51, 51)">それもとても良かったです。</span></span></p><p><span style="font-size:14px">建て具、クロス、照明、どんな物も何の制限もなく、</span></p><p><span style="font-size:14px">自由に選ばせてもらえたのは、住宅メーカーと大きく違って、</span></p><p><span style="font-size:14px">家づくりを自分たちがしている感じがあって楽しかったです。</span></p><p>　</p><p><span style="font-size:14px"><img  src="/theme/ababai/images/abs/interview/uploads//uploads/images/16.jpg" style="height:335px; width:500px" /></span></p><p>　</p><p>　</p><p>　</p><p><span style="font-size:24px">■住み始めて、感想</span></p><p>　</p><p><span style="font-size:14px"><span style="background-color:rgb(255, 255, 255); color:rgb(51, 51, 51)">南面に大きなま窓をつけてもらったから、</span></span></p><p><span style="font-size:14px"><span style="background-color:rgb(255, 255, 255); color:rgb(51, 51, 51)">夏は暑さを覚悟していましたが、</span></span></p><p><span style="font-size:14px"><span style="background-color:rgb(255, 255, 255); color:rgb(51, 51, 51)">庇（ひさし）を長くしてくれたから、全然暑くない。</span></span></p><p><span style="font-size:14px"><span style="background-color:rgb(255, 255, 255); color:rgb(51, 51, 51)">機密・断熱の良さも、身をもって実感しています。</span></span></p><p><span style="font-size:14px">玄関から階段に続く吹き抜けも提案してくれて、</span></p><p><span style="font-size:14px">毎日とても気持ちがよく、気に入っています。</span></p><p>　</p><p><img  src="/theme/ababai/images/abs/interview/uploads//uploads/images/9.jpg" style="height:500px; width:333px" /></p><p>I様邸施工事例は、こちらです&darr;</p><p><a href="http://www.ando-kenchiku.jp/case/detail0023.html">http://www.ando-kenchiku.jp/case/detail0023.html</a></p><p>　</p><p>　</p><p>　</p><p>　</p><p>　</p><p>　</p><p>　</p><p>　</p>	2-1.jpg	0	
0003		西尾市　S様邸	風通しと収納にこだわった家	<p>　</p><p>　</p><h1><span style="font-size:1em">■新築を建てようと思ったきっかけ</span></h1><p>　</p><p><span style="font-size:1em">元々子供が小学生になる前には新居を建てたいと考えていました。</span></p><p><span style="font-size:1em">ハウスメーカーさんから街の工務店さんまで、</span></p><p><span style="font-size:1em">数多くの内覧会に足を運んで、どこで建てようかと迷っていました。</span></p><p>　</p><p>　</p><h1><span style="font-size:1em">■安藤建築に決めた理由</span></h1><p>　</p><p><span style="font-size:1em">安藤建築さんの内覧会に伺った際、</span></p><p><span style="font-size:1em">対応していただいた社員の方がとても親切でした。</span></p><p><span style="font-size:1em">家の造りを分かりやすく説明をしていただき、</span></p><p><span style="font-size:1em">無垢の木を使った家造りが得意でいらっしゃることを知りました。</span></p><p>　</p><p><img  src="/theme/ababai/images/abs/interview/uploads//uploads/images/16.07.27_0031.jpg" style="height:333px; width:500px" /></p><p>　</p><p><span style="font-size:1em">木の香りに心が落ち着くなぁと感じ、</span></p><p><span style="font-size:1em">安藤建築さんの家は良いなぁと思いました。</span></p><p><span style="font-size:1em">また、土地購入に対して社長さんがとても熱心に対応してくださったので、</span></p><p><span style="font-size:1em">土地からお願いしようと思いました。</span></p><p>　</p><p>　</p><h1><span style="font-size:1em">■家造りのこだわり</span></h1><p>　</p><p><span style="font-size:1em">まず第一に、無垢の木を使ってもらいたい、ということ。</span></p><p><span style="font-size:1em">あとは暮らしやすいように収納を第一に考えました。</span></p><p>　</p><p><img  src="/theme/ababai/images/abs/interview/uploads//uploads/images/16.07.27_0070.jpg" style="height:450px; width:300px" /></p><p>　</p><p><span style="font-size:1em">また、間取り的に自然な風を取り入れる造りにしてもらったので、</span></p><p><span style="font-size:1em">風通しが良く快適です。</span></p><h1>　</h1><p>　</p><h1><span style="font-size:1em">■住み始めて　感想</span></h1><p>　</p><p><span style="font-size:1em">細かな要望に対して専門的な意見を含めて叶えて頂きました。</span></p><p><span style="font-size:1em">ショールームでの水廻り用品を決めるにあたり、</span></p><p><span style="font-size:1em">担当の方が同行して頂けたのでスムーズに決めることが出来ました。</span></p><p>　</p><p><img  src="/theme/ababai/images/abs/interview/uploads//uploads/images/16.07.27_0040.jpg" style="height:267px; width:400px" /></p><p><img  src="/theme/ababai/images/abs/interview/uploads//uploads/images/16.07.27_0042.jpg" style="height:267px; width:400px" /></p><p>　</p><p><span style="font-size:1em">自然な風が入るので、夏でもエアコンをつけずに過ごすことが出来、</span></p><p><span style="font-size:1em">明るく快適な生活を送っています。</span></p><p><span style="font-size:1em">私たちの要望を取り入れてもらったので、</span></p><p><span style="font-size:1em">入居してすぐから愛着を持つことが出来ました。</span></p><p>　</p>	27_0001.jpg	17	27_0026.jpg		27_0028_.jpg		27_0029.jpg		27_0031_.jpg		27_0039.jpg		27_0033.jpg		27_0041.jpg		27_0042.jpg		27_0043.jpg		27_0044.jpg		27_0059.jpg		27_0068.jpg		27_0066.jpg		27_0070.jpg		27_0074.jpg		27_0076.jpg		27_0079.jpg		
0002		安城市　I様邸	デザインと住み心地にこだわった家	<p>　</p><p>　</p><h1>　</h1><h1><span style="font-size:1em">■新築を建てようと思ったきっかけ</span></h1><p>　</p><p><span style="font-size:1em">以前はアパートに住んでいました。</span></p><p><span style="font-size:1em">母が所有している土地を譲り受ける約束をしていたので、</span></p><p><span style="font-size:1em">いつかは新築を建てるつもりでいました。</span></p><p><span style="font-size:1em">去年その土地をとうとう受け継ぐことになり、</span></p><p><span style="font-size:1em">具体的に新築を頼める建築会社を探し始めました。</span></p><p>　</p><p><img  src="/theme/ababai/images/abs/interview/uploads//uploads/images/16.07.17_0008.jpg" style="height:400px; width:600px" /></p><p>　</p><p>　</p><h1><span style="font-size:1em">■安藤建築に決めた理由</span></h1><p>　</p><p><span style="font-size:1em">ハウスメーカーの展示場に行ったり、</span></p><p><span style="font-size:1em">オープンハウスがあれば見に行ったりしました。</span></p><p><span style="font-size:1em">いろんな建築会社さんを見に行って</span></p><p><span style="font-size:1em">営業さんとも出会いましたがなかなかフィーリングが合わず・・・。</span></p><p><span style="font-size:1em">どの建築会社さんでもみんな「どんな家でも建てられるよ」と言うので、</span></p><p><span style="font-size:1em">それだったら私たちと感覚の合う人に建ててもらいたいと思っていました。</span></p><p>　</p><p><span style="font-size:1em">そんな時父から、実家を建ててくれた安藤建築さんに行ってきたらどうだと勧められました。</span></p><p><span style="font-size:1em">勧められるがままにオープンハウスに行き、</span></p><p><span style="font-size:1em">専務とも話をしていたのですが、</span></p><p><span style="font-size:1em">こちらの話を聞いてくれるし私たちの思い描いている希望を</span></p><p><span style="font-size:1em">叶えてくれそうな気がしました。</span></p><p><span style="font-size:1em">話しやすい人柄でしたし、</span></p><p><span style="font-size:1em">父もよく知っている会社さんであること、</span></p><p><span style="font-size:1em">ガツガツした営業ではなく親切な対応をしてもらえたので、</span></p><p><span style="font-size:1em">安藤建築さんに建ててもらおうと決めました。</span></p><p>　</p><p><img  src="/theme/ababai/images/abs/interview/uploads//uploads/images/16.07.17_0023.jpg" style="height:400px; width:600px" /></p><p>　</p><p>　</p><h1><span style="font-size:1em">■こだわり</span></h1><p>　</p><p><span style="font-size:1em">建てる前は特にこだわりが無かったのですが、</span></p><p><span style="font-size:1em">打ち合わせ中に好きなデザインやテイストを話し合って少しずつこだわりが出てきました。</span></p><p>　</p><p><span style="font-size:1em">なるべくエアコンを使わずに暮らしたいので、</span></p><p><span style="font-size:1em">風通しの良い設計にしてもらいたい、と主人は言っていました。</span></p><p>　</p><p><span style="font-size:1em">私はタイルやレンガなど、雰囲気の良いものが好きなので</span></p><p><span style="font-size:1em">好きなアイテムを探す為に名古屋モザイクに有名なタイルを見に行ったり、</span></p><p><span style="font-size:1em">雑誌を見たりして２，３カ月ほどどれにしようか悩んでいました。</span></p><p><span style="font-size:1em">それでも一緒になって悩んでくれたことが本当に嬉しかったです。</span></p><p>　</p><p><img  src="/theme/ababai/images/abs/interview/uploads//uploads/images/16.07.17_0032.jpg" style="height:400px; width:600px" /></p><p>　</p><p>　</p><h1><span style="font-size:1em">■家が建って　感想</span></h1><p>　</p><p><span style="font-size:1em">後悔は全くありません。</span></p><p><span style="font-size:1em">一般的に家は2回建てないと本当に良い家は建てられないとよく言いますが、</span></p><p><span style="font-size:1em">実際一生のうちで何回も建てることって無いじゃないですか。</span></p><p><span style="font-size:1em">安藤さんはいろいろなアドバイスをくださいましたし、</span></p><p><span style="font-size:1em">建てながら都度打ち合わせをしていったので</span></p><p><span style="font-size:1em">後から「こうすれば良かった…」というのが一切無いんです。</span></p><p><span style="font-size:1em">今は住み慣れて違和感無く生活出来ています。</span></p><p><span style="font-size:1em">特に専務には何度も何度も相談しましたね。</span></p><p><span style="font-size:1em">建てている時も、専務と棟梁に出会えて本当に良かったと何度も思いました。</span></p><p><span style="font-size:1em">安藤さん、職人さん方、私たちのみんなで建てた家だと思っています。</span></p><p><span style="font-size:1em">家はこれで建ち終わりましたが、これからも安藤さんとは付き合い続けて行きたいです。</span></p><p>　</p>	17_0037_.jpg	13	17_0018.jpg		17_0019.jpg		17_0023.jpg		17_0037.jpg		17_0033.jpg		17_0042.jpg		17_0053.jpg		17_0056.jpg		17_0058.jpg		17_0062.jpg		17_0065.jpg		17_0013.jpg		17_0002.jpg		
0001		知立市　Ｆ様邸	木のぬくもりを感じる和風住宅	<p>　</p><p>　</p><h1>■新築を建てようと思ったきっかけ</h1><p>　</p><p>築３５年程経つ家に住んでいたのですが、</p><p>設備も古くなるしそろそろ建て替えようかと思っていました。</p><p>最初はログハウスもいいかなと思っていたのですが、</p><p>手入れが大変そうだったので諦め、</p><p>木のぬくもりが感じられる和モダンなお家を建てることにしました。</p><p>　</p><p>　</p><p><img  src="/theme/ababai/images/abs/interview/uploads//uploads/images/16.04.12_0053.jpg" style="height:400px; width:600px" /></p><h1>　</h1><h1>■安藤建築に決めた理由</h1><p>　</p><p>近所の診療所や、私の友人宅を安藤建築さんが建てており、</p><p>和風の家づくりが得意と耳にしていました。</p><p>今まで建てられた家を見て私の好みと合いそうでしたし、</p><p>周りの評判もあって安藤建築さんにお願いすることになりました。</p><p>　</p><p>　</p><p><img  src="/theme/ababai/images/abs/interview/uploads//uploads/images/16.04.12_0020.jpg" style="height:400px; width:600px" /></p><h1>　</h1><h1>■こだわり</h1><p>　</p><p>天井や障子など、細部までこだわりました。</p><p>時代劇などを見ているとふすまに絵が描かれておらず、</p><p>畳の縁も無地だったので全て同じようにしてもらいました。</p><p>建具は一枚板を使ってもらったりと建具屋さんのこだわりが感じられます。</p><p>私の中で「これはこうしたい！」というビジョンが明確にあったので、</p><p>何かを選ぶ時は早かったと思います。</p><p>　</p><h1><img  src="/theme/ababai/images/abs/interview/uploads//uploads/images/16.04.12_0005.jpg" style="height:400px; width:600px" /></h1><h1>　</h1><p>　</p><h1>■家が建って 感想</h1><p>　</p><p>自分で選んだものが入っているので快適だと思います。</p><p>これから住むのが楽しみです。</p><p>　</p><p>仏壇を置くことも考えて和風に作った部屋と、</p><p>生活の利便性を考えて洋風に作った部屋とがあるのですが、うまく調和していると思います。</p><p>自然素材を使ったこだわりの注文住宅を謳われているだけあって、</p><p>素材を大事に魅せてくれる、そんな会社だと思います。</p><p>　</p><p><img  src="/theme/ababai/images/abs/interview/uploads//uploads/images/16.04.12_0052.jpg" style="height:400px; width:600px" /></p><p>　</p>	12_0041.jpg	12	12_0052.jpg		12_0053.jpg		12_0045.jpg		12_0041_.jpg		12_0006.jpg		12_0010.jpg		12_0007.jpg		12_0019.jpg		12_0012.jpg		12_0016.jpg		12_0034.jpg		12_0036.jpg		
0000		西尾市　W様邸	陽の光が入る和モダン住宅	<h1>　</h1><h1>■新築を建てようと思ったきっかけ</h1><p><br />子供が出来たことと、もうすぐ消費税が１０％になることがきっかけで</p><p>家づくりを考えるようになりました。</p><p>主人のお父さんも「ローンのことを考えたら早く建てた方が良いよ」と言ってくれていたので、</p><p>そういった後押しもあり現実的に建築会社探しをスタートしました。</p><p>　</p><h1>■安藤建築との出会い</h1><p><br />最初、岡崎市にあるハウスメーカーの展示場に行き、</p><p>ハウスメーカーでの家づくりを考えていました。</p><p>そこで気に入ったモデルルームがあり、</p><p>営業さんともいろいろ話をさせてもらっていたのですが、</p><p>「このモデルルームが気に入っていらっしゃるのであれば、この通りに作りましょう！」</p><p>というスタンスで、私たちの要望はあまり聞き入れてもらえませんでした。</p><p>要望を出す度に「これをすると、〜〜円かかるよ」などと、</p><p>すぐにお金の話をされるのもあまり気持ちの良いものではなく、</p><p>ハウスメーカーは私たちには合わないということでお断りすることにしました。</p><p>　</p><p>　</p><p><img  src="/theme/ababai/images/abs/interview/uploads//uploads/images/15.10.27_0026.jpg" style="height:400px; width:600px" /></p><p>　</p><p>　</p><p>私の周りで家を建てている人は地元の工務店さんに建ててもらっている人が多く、</p><p>「おしゃれな家を納得のいく予算で建ててくれる」と聞いていたので、</p><p>地元の工務店さんで気になるところに資料請求をし始めました。</p><p>　</p><p>そんな時、私の上司の娘さんが安藤建築さんで建てており、</p><p>「良い家を作ってくれるから一度話を聞いてみなよ」、と</p><p>紹介されたのがきっかけで安藤建築さんのことを知りました。</p><p>　</p><p>初めて事務所に伺った時、事務所内が木の匂いがして良い印象を抱きました。</p><p>以前住んでいた社宅は、クロスの接着剤の匂いが強く、</p><p>妊娠中もその匂いでつわりが酷くなり辛かったので、</p><p>出来るだけ自然な素材で家づくりをしてくれる会社さんが良いなと思っていました。</p><p>社長さんとお会いした時に「木に興味がある」とお伝えすると</p><p>凄く熱心に教えてくれて、木が好きな社長さんなんだなぁと感じ、</p><p>打ち合わせを重ねる中で安藤建築さんに家づくりを</p><p>づくりをお願いすることにしました。</p><p>　</p><p><img  src="/theme/ababai/images/abs/interview/uploads//uploads/images/15.10.27_0028.jpg" style="height:400px; width:600px" /></p><p>　</p><p>　</p><h1>■こだわり</h1><p><br />主人は床材にこだわりがあり、ウォルナットを使ってほしい、</p><p>という希望があったのですが、安藤建築さんは快く賛成してくれました。</p><p>私は2階の間取りを全て南向きにしてほしい、という希望を伝えました。</p><p>南側に公園があり、陽の光がさえぎられることなく入るので、</p><p>全部屋南向きにしてもらえるといいなと思いました。</p><p>　</p><p>その他にも両親からのアドバイスで脱衣場にカーテンで仕切りを作ったりと</p><p>さまざまな希望を出しましたが、専務さんが</p><p>「いいね〜！やってみましょう！」と意見を取り入れてくれて、嬉しかったです。</p><p>ハウスメーカーとは違い本当に親身になってくれました。</p><p>　</p><p><img  src="/theme/ababai/images/abs/interview/uploads//uploads/images/15.10.27_0030.jpg" style="height:300px; width:200px" /><img  src="/theme/ababai/images/abs/interview/uploads//uploads/images/15.10.27_0032.jpg" style="height:300px; width:200px" /></p><p>　</p><h1>■家が建って 感想</h1><p><br />まだ引っ越し途中で住んではいないのですが、</p><p>これからこの家での生活がとても楽しみです。</p><p>子供はさっそくこの家が気に入っているようです。</p><p>専務さんには私たちの予算も考慮した上で本当によく考えてもらいました。</p><p>感謝してもしきれないです。</p><p>また家のことで何かあれば、お願いしますね！</p><p>　</p><p><img  src="/theme/ababai/images/abs/interview/uploads//uploads/images/15.10.27_0049.jpg" style="height:400px; width:600px" /></p><p>　</p><p>　</p>	27_0062.jpg	18	27_0002.jpg		27_0003.jpg		27_0007.jpg		27_0014.jpg		27_0015.jpg		27_0016.jpg		27_0019.jpg		27_0022.jpg		27_0018.jpg		27_0028.jpg		27_0030.jpg		27_0031.jpg		27_0032.jpg		27_0035.jpg		27_0037.jpg		27_0038.jpg		27_0040.jpg		27_0049.jpg		
